{"type": "scene", "properties": {"baseExtent": {"cx": 373059.3528177057, "cy": 5309555.69926048, "width": 241332.1779313956, "height": 241332.1779313956, "rotation": 0}, "origin": {"x": 373059.3528177057, "y": 5309555.69926048, "z": 0.0}, "zScale": 1.0, "light": "directional"}, "layers": [{"type": "layer", "id": 21, "properties": {"name": "Flat Plane", "clickable": true, "visible": true, "type": "dem", "clipped": false, "mtlNames": ["map (canvas)"], "mtlIdx": 0}, "data": [{"type": "block", "layer": 21, "block": 0, "materials": [{"type": 0, "image": {"url": "./data/index/a0.png"}, "ds": 1, "mtlIndex": 0, "useNow": true}]}, {"type": "block", "layer": 21, "block": 0, "width": 241332.1779313956, "height": 241332.1779313956, "translate": [0.0, 0.0, 0], "zScale": 1.0, "grid": {"width": 2, "height": 2, "url": "./data/index/a0.bin"}}]}, {"type": "layer", "id": 22, "properties": {"name": "Flat Plane", "clickable": true, "visible": true, "type": "dem", "clipped": false, "mtlNames": ["map (canvas)"], "mtlIdx": 0}, "data": [{"type": "block", "layer": 22, "block": 0, "materials": [{"type": 0, "image": {"url": "./data/index/b0.png"}, "ds": 1, "mtlIndex": 0, "useNow": true}]}, {"type": "block", "layer": 22, "block": 0, "width": 241332.1779313956, "height": 241332.1779313956, "translate": [0.0, 0.0, 0], "zScale": 1.0, "grid": {"width": 2, "height": 2, "url": "./data/index/b0.bin"}}]}]}